rank,year,exact_count,approx_count,abs_error,rel_error_pct
1,2021,125,126,1,0.8
2,2020,114,118,4,3.508771929824561
3,2019,99,116,17,17.17171717171717
4,2017,69,72,3,4.3478260869565215
5,2018,65,70,5,7.6923076923076925
6,2016,61,44,17,27.86885245901639
7,2011,52,60,8,15.384615384615385
8,2014,50,58,8,16.0
9,2015,46,44,2,4.3478260869565215
10,2012,41,32,9,21.951219512195124
