rank,year,exact_count,approx_count,abs_error,rel_error_pct
1,2021,125,110,15,12.0
2,2020,114,106,8,7.017543859649122
3,2019,99,102,3,3.0303030303030303
4,2017,69,66,3,4.3478260869565215
5,2018,65,56,9,13.846153846153847
6,2016,61,62,1,1.639344262295082
7,2011,52,44,8,15.384615384615385
8,2014,50,50,0,0.0
9,2015,46,36,10,21.73913043478261
10,2012,41,44,3,7.317073170731707
